<?xml version="1.1" encoding="UTF-8"?>
<expression:EMFExpression xmi:version="2.0" xmlns:xmi="http://www.omg.org/XMI" xmlns:expression="http:///expression.ecore" id="tMap_1=>" expression="StringHandling.EREPLACE(row5.Ratingstars_number_8,&quot;,&quot;,&quot;&quot;);">
  <variables name="row5.resourceId" value="null" talendType="id_String" nullable="true"/>
  <variables name="row5.url" value="null" talendType="id_String" nullable="true"/>
  <variables name="row5.Recposter_image" value="null" talendType="id_String" nullable="true"/>
  <variables name="row5.Nextblock_label" value="null" talendType="id_String" nullable="true"/>
  <variables name="row5.Rectitle_link" value="null" talendType="id_String" nullable="true"/>
  <variables name="row5.Nobr_number" value="null" talendType="id_String" nullable="true"/>
  <variables name="row5.Reccertgenre_value" value="null" talendType="id_String" nullable="true"/>
  <variables name="row5.Ratingstars_number_1" value="null" talendType="id_String" nullable="true"/>
  <variables name="row5.Ratingstars_number_2" value="null" talendType="id_String" nullable="true"/>
  <variables name="row5.Ratingstars_number_3" value="null" talendType="id_String" nullable="true"/>
  <variables name="row5.Ratingstars_number_4" value="null" talendType="id_String" nullable="true"/>
  <variables name="row5.Ratingstars_number_5" value="null" talendType="id_String" nullable="true"/>
  <variables name="row5.Ratingstars_number_6" value="null" talendType="id_String" nullable="true"/>
  <variables name="row5.Ratingstars_number_7" value="null" talendType="id_String" nullable="true"/>
  <variables name="row5.Ratingstars_number_8" value="null" talendType="id_String" nullable="true"/>
  <variables name="row5.Ratingstars_number_9" value="null" talendType="id_String" nullable="true"/>
  <variables name="row5.number_10" value="null" talendType="id_String" nullable="true"/>
  <variables name="row5.Value_number" value="null" talendType="id_String" nullable="true"/>
  <variables name="row5.X_label" value="null" talendType="id_String" nullable="true"/>
  <variables name="row5.Recoutline_description" value="null" talendType="id_String" nullable="true"/>
  <variables name="row5.Recdirector_content" value="null" talendType="id_String" nullable="true"/>
  <variables name="row5.Stars_value" value="null" talendType="id_String" nullable="true"/>
</expression:EMFExpression>
