<?xml version="1.0" encoding="UTF-8" standalone="yes"?>
<ns2:ExportManifest xmlns:ns2="http://www.pentaho.com/schema/">
    <ExportManifestInformation exportDate="11-01-2017 04:14:51 CET" exportBy="tester" rootFolder="/home/tester/" manifestVersion="2"/>
    <ExportManifestEntity path="testpentaho.xdash">
        <ExportManifestProperty>
            <EntityMetaData name="testpentaho.xdash" createdDate="2017-01-11T04:14:14.264+01:00" isFolder="false" path="testpentaho.xdash" isHidden="false" locale="es_ES" title="testpentaho"/>
        </ExportManifestProperty>
        <ExportManifestProperty>
            <EntityAcl>
                <entriesInheriting>true</entriesInheriting>
                <owner>admin</owner>
                <ownerType>USER</ownerType>
            </EntityAcl>
        </ExportManifestProperty>
    </ExportManifestEntity>
</ns2:ExportManifest>
